,1,flacking
,1,pressmen
,1,muchly
,1,slipstitched
,1,bioplastics
,1,dividend yields
,1,myalgic encephalomyelitis
,1,pyrimidines
,1,linseed
,1,rejoined
,1,elaborations
,1,talisman
,1,unfriended
,1,brawniest
,1,move off
,1,hudsons bay blanket
,1,escrowed
,1,vertexes
,1,ruefully
,1,umbrellas
,1,sextettes
,1,benighted
,1,bassinet
,1,through passes
,1,protestant work ethic
,1,personal assistants
,1,delayering
,1,leaves of absence
,1,bitumastic
,1,masculinised
,1,roughhouses
,1,outbuildings
,1,disparates
,1,house painters
,1,picornavirus
,1,direct
,1,vital sign
,1,variety
,1,loafs
,1,corsair
,2,pitched battles
,2,linoleate
,2,promotions
,2,parcloses
,2,styptic pencil
,2,recoat
,2,tradeables
,2,audio guide
,2,bateleur eagles
,2,shyer
,2,kludgier
,2,animalizing
,2,cp.
,2,princes royal
,2,gummy
,2,plasmalemmas
,2,rickeys
,2,befriended
,2,ever since
,2,indian hemp
,2,reattains
,2,bather
,2,ritualistic
,2,mother dough
,2,haemorrhagic
,2,house red
,2,enneagram
,2,shock
,2,vessel
,2,by a long chalk
,2,skiving
,2,assemblers
,2,asphalting
,2,phlegm
,2,leadtime
,2,regendering
,2,walk out
,2,weblink
,2,sundowners
,2,general aviation
,3,breath tests
,3,dengue fever
,3,top tip
,3,inhalants
,3,itch mite
,3,odds and ends
,3,composite
,3,hagfishes
,3,butterfishes
,3,fwiw
,3,slaphead
,3,belching
,3,savins
,3,businessperson
,3,schism
,3,hidden agenda
,3,mzungu
,3,airbed
,3,purdah
,3,beta males
,3,heartshaped
,3,photoresponses
,3,servitor
,3,pasteurizing
,3,black cohoshes
,3,wandering tattlers
,3,shell bits
,3,fringe dweller
,3,scrubdash
,3,whatserfaces
,3,banh mi
,3,exclusionists
,3,handmaidens
,3,neks
,3,dunderheads
,3,vino da tavola
,3,rabbitting
,3,unfamiliarity
,3,lungworts
,3,sizing
,4,flight line
,4,traik
,4,die linked
,4,conflux
,4,sufi
,4,pattypan squashes
,4,slaveship
,4,ghost crab
,4,chemoattractant
,4,policier
,4,unseal
,4,authorise
,4,incarnadined
,4,nunatak
,4,burping
,4,sidemen
,4,curmudgeonly
,4,night carts
,4,scissor kicks
,4,survival kits
,4,durable goods
,4,noninherent
,4,ceinture
,4,tswana
,4,crumped
,4,tergiversate
,4,gatherings
,4,maiden name
,4,hair conditioners
,4,schmutter
,4,torrid
,4,poetize
,4,leechcraft
,4,antrum
,4,hobbyhorses
,4,sovkhoz
,4,remonstrates
,4,oeec
,4,optimised
,4,econuts
,5,passkey
,5,kutenay
,5,satirise
,5,falun gong
,5,avizandum
,5,deleveraged
,5,carbon sequestrations
,5,right of abode
,5,behemoth
,5,reappraise
,5,jumpshots
,5,prepackage
,5,carinate
,5,carpet python
,5,defenseless
,5,geologised
,5,certified check
,5,blindsight
,5,definite article
,5,shying
,5,clumsier
,5,spartacists
,5,handlebars
,5,specious
,5,boardsailor
,5,chin music
,5,douchiest
,5,momentarily
,5,pseudomonas
,5,koas
,5,krauts
,5,poled
,5,galloons
,5,eastenders
,5,raksasa
,5,engram
,5,mud
,5,bump
,5,prediabetes
,5,watermeadow
,6,countermanded
,6,judaizes
,6,rhesus macaques
,6,gentian violet
,6,retail banks
,6,gleamy
,6,arson
,6,hanuman
,6,subvocalised
,6,hotcakes
,6,catapulting
,6,interdominion
,6,fairy penguin
,6,quadrupoles
,6,overburdened
,6,rear sights
,6,psalmist
,6,winky
,6,infinity pools
,6,scorpioid
,6,hummus
,6,logwoods
,6,pitchforking
,6,carrier bags
,6,state registered nurses
,6,ridge runner
,6,snaggletooth
,6,wheel clamp
,6,strops
,6,dies non
,6,liquifies
,6,buckles
,6,telegraphic addresses
,6,kerb weight
,6,gorging
,6,small bowers
,6,subsoils
,6,oceanography
,6,silting
,6,callosities
,7,chevrotain
,7,octopuses
,7,priceâ€“earnings ratio
,7,sabbatarian
,7,cab sauv
,7,misestimated
,7,precising
,7,protista
,7,baozis
,7,astral
,7,job holders
,7,wail
,7,immersion heaters
,7,commonplace
,7,tree shrew
,7,leucoplasts
,7,diriment impediments
,7,put over
,7,napa
,7,nickel steel
,7,debagging
,7,papal bull
,7,ldr
,7,undervotes
,7,acrolect
,7,cream teas
,7,finger chip
,7,christophenes
,7,radiated tortoises
,7,running total
,7,carnassials
,7,upstart
,7,fought
,7,tourist
,7,barbarising
,7,reprehends
,7,thunderflies
,7,licence hunts
,7,peg away
,7,clitter
